<?xml version="1.0" encoding="UTF-8"?>
<info version="1.1">
  <general>
    <createDate>2010-11-16T15:27:25</createDate>
    <changeDate>2012-11-05T10:56:11</changeDate>
    <schema>iso19110</schema>
    <isTemplate>n</isTemplate>
    <localId>2871225</localId>
    <format>full</format>
    <rating>0</rating>
    <popularity>75</popularity>
    <uuid>411cd05b-9a79-45f2-b39f-0b344a9f35af</uuid>
    <siteId>d1bd08f0-16ac-47c3-b581-2e8db715530b</siteId>
    <siteName>EEA geospatial data catalogue</siteName>
  </general>
  <categories />
  <privileges>
    <group name="all">
      <operation name="download" />
      <operation name="view" />
      <operation name="featured" />
      <operation name="dynamic" />
    </group>
  </privileges>
  <public />
  <private />
</info>

